{"dimensions":{"x":129,"y":129,"z":33},"origin":{"x":-0.12,"y":-0.12,"z":0.16},"spacing":{"x":0.0018750000000000017,"y":0.0018750000000000017,"z":0.0037500000000000033}}