{
    "dimensions" : 
    {
        "x" : 256,
        "y" : 256,
        "z" : 32
    },
    "origin" : 
    {
        "x" : -0.1275000125169754,
        "y" : -0.1275000125169754,
        "z" : 0.18999996781349182
    },
    "spacing" : 
    {
        "x" : 0.0010000000474974513,
        "y" : 0.0010000000474974513,
        "z" : 0.0020000000949949026
    }
}